Commit_Date,Ticket_ID,Author,Message,Status
2026-04-02,NET-901,dev_team,Routine backend optimization for module 1. Updated routing table memory allocation.,Merged
2026-04-03,NET-902,dev_team,Routine backend optimization for module 2. Updated routing table memory allocation.,Merged
2026-04-04,NET-903,dev_team,Routine backend optimization for module 3. Updated routing table memory allocation.,Merged
2026-04-05,NET-904,dev_team,Routine backend optimization for module 4. Updated routing table memory allocation.,Merged
2026-04-06,NET-905,dev_team,Routine backend optimization for module 0. Updated routing table memory allocation.,Merged
2026-04-07,NET-906,dev_team,Routine backend optimization for module 1. Updated routing table memory allocation.,Merged
2026-04-08,NET-907,dev_team,Routine backend optimization for module 2. Updated routing table memory allocation.,Merged
2026-04-09,NET-908,dev_team,Routine backend optimization for module 3. Updated routing table memory allocation.,Merged
2026-04-10,NET-909,dev_team,Routine backend optimization for module 4. Updated routing table memory allocation.,Merged
2026-04-11,NET-910,dev_team,Routine backend optimization for module 0. Updated routing table memory allocation.,Merged
2026-04-12,NET-911,dev_team,Routine backend optimization for module 1. Updated routing table memory allocation.,Merged
2026-04-13,NET-912,dev_team,Routine backend optimization for module 2. Updated routing table memory allocation.,Merged
2026-04-14,NET-913,dev_team,Routine backend optimization for module 3. Updated routing table memory allocation.,Merged
2026-04-15,NET-914,dev_team,Routine backend optimization for module 4. Updated routing table memory allocation.,Merged
2026-04-16,NET-915,j.doe,Implemented new IPsec VPN keepalive logic. CLI parameter added: vpn.ipsec.keepalive.max_idle. Default is 120s.,Merged
2026-04-17,NET-916,dev_team,Routine backend optimization for module 1. Updated routing table memory allocation.,Merged
2026-04-18,NET-917,dev_team,Routine backend optimization for module 2. Updated routing table memory allocation.,Merged
2026-04-19,NET-918,dev_team,Routine backend optimization for module 3. Updated routing table memory allocation.,Merged
2026-04-20,NET-919,dev_team,Routine backend optimization for module 4. Updated routing table memory allocation.,Merged
2026-04-21,NET-920,dev_team,Routine backend optimization for module 0. Updated routing table memory allocation.,Merged
2026-04-22,NET-921,dev_team,Routine backend optimization for module 1. Updated routing table memory allocation.,Merged
2026-04-23,NET-922,dev_team,Routine backend optimization for module 2. Updated routing table memory allocation.,Merged
2026-04-24,NET-923,dev_team,Routine backend optimization for module 3. Updated routing table memory allocation.,Merged
2026-04-25,NET-924,dev_team,Routine backend optimization for module 4. Updated routing table memory allocation.,Merged
2026-04-26,NET-925,dev_team,Routine backend optimization for module 0. Updated routing table memory allocation.,Merged
2026-04-27,NET-926,dev_team,Routine backend optimization for module 1. Updated routing table memory allocation.,Merged
2026-04-28,NET-927,dev_team,Routine backend optimization for module 2. Updated routing table memory allocation.,Merged
2026-04-29,NET-928,dev_team,Routine backend optimization for module 3. Updated routing table memory allocation.,Merged
2026-04-30,NET-929,dev_team,Routine backend optimization for module 4. Updated routing table memory allocation.,Merged
2026-05-01,NET-930,s.smith,Deprecated legacy XML-RPC API endpoints for firewall rules. Fully removed in v7.2.,Merged
2026-05-02,NET-931,dev_team,Routine backend optimization for module 1. Updated routing table memory allocation.,Merged
2026-05-03,NET-932,dev_team,Routine backend optimization for module 2. Updated routing table memory allocation.,Merged
2026-05-04,NET-933,dev_team,Routine backend optimization for module 3. Updated routing table memory allocation.,Merged
2026-05-05,NET-934,dev_team,Routine backend optimization for module 4. Updated routing table memory allocation.,Merged
2026-05-06,NET-935,dev_team,Routine backend optimization for module 0. Updated routing table memory allocation.,Merged
2026-05-07,NET-936,dev_team,Routine backend optimization for module 1. Updated routing table memory allocation.,Merged
2026-05-08,NET-937,dev_team,Routine backend optimization for module 2. Updated routing table memory allocation.,Merged
2026-05-09,NET-938,dev_team,Routine backend optimization for module 3. Updated routing table memory allocation.,Merged
2026-05-10,NET-939,dev_team,Routine backend optimization for module 4. Updated routing table memory allocation.,Merged
2026-05-11,NET-940,dev_team,Routine backend optimization for module 0. Updated routing table memory allocation.,Merged
2026-05-12,NET-941,dev_team,Routine backend optimization for module 1. Updated routing table memory allocation.,Merged
2026-05-13,NET-942,dev_team,Routine backend optimization for module 2. Updated routing table memory allocation.,Merged
2026-05-14,NET-943,dev_team,Routine backend optimization for module 3. Updated routing table memory allocation.,Merged
2026-05-15,NET-944,dev_team,Routine backend optimization for module 4. Updated routing table memory allocation.,Merged
2026-05-16,NET-945,dev_team,Routine backend optimization for module 0. Updated routing table memory allocation.,Merged
